-- =============================================================
-- DoAPizza — тестовые данные
-- Применять ПОСЛЕ python manage.py migrate
-- =============================================================

-- -------------------------------------------------------------
-- РЕСТОРАН: категории, размеры, меры измерения, блюда, варианты
-- -------------------------------------------------------------

INSERT INTO restaurant_category (id, name) VALUES
    (1, 'Пицца'),
    (2, 'Закуски'),
    (3, 'Напитки'),
    (4, 'Десерты'),
    (5, 'Соусы');

INSERT INTO restaurant_size (id, label) VALUES
    (1, 'Маленький'),
    (2, 'Средний'),
    (3, 'Большой');

INSERT INTO restaurant_measureunit (id, label, short) VALUES
    (1, 'Сантиметры', 'см'),
    (2, 'Миллилитры', 'мл'),
    (3, 'Граммы',     'г'),
    (4, 'Штука',      'шт');

INSERT INTO restaurant_dish (id, name, description, category_id, image, is_deleted) VALUES
    (1,  'Маргарита',
         'Классическая пицца с томатным соусом, сыром моцарелла и свежим базиликом.',
         1, '', false),
    (2,  'Пепперони',
         'Пицца с пикантной колбасой пепперони, моцареллой и томатным соусом.',
         1, '', false),
    (3,  'Четыре сыра',
         'Сочетание моцареллы, гауды, дорблю и пармезана на сливочном соусе.',
         1, '', false),
    (4,  'Гавайская',
         'Нежная пицца с курицей, ананасом, моцареллой и томатным соусом.',
         1, '', false),
    (5,  'Мясная',
         'Говяжий фарш, бекон, колбаса, лук, перец и моцарелла на томатном соусе.',
         1, '', false),
    (6,  'Карбонара',
         'Пицца с беконом, желтком, пармезаном и сливочным соусом.',
         1, '', false),
    (7,  'Картофельные дольки',
         'Хрустящий картофель с паприкой, чесноком и зеленью.',
         2, '', false),
    (8,  'Куриные крылья',
         'Острые куриные крылья в соусе буффало с соусом ранч.',
         2, '', false),
    (9,  'Брускетта',
         'Хрустящий хлеб с томатами, чесноком, базиликом и оливковым маслом.',
         2, '', false),
    (10, 'Кока-Кола',
         'Классический газированный напиток.',
         3, '', false),
    (11, 'Сок апельсиновый',
         'Свежевыжатый апельсиновый сок.',
         3, '', false),
    (12, 'Вода минеральная',
         'Газированная минеральная вода.',
         3, '', false),
    (13, 'Тирамису',
         'Итальянский десерт из маскарпоне, савоярди и кофе с какао.',
         4, '', false),
    (14, 'Чизкейк нью-йорк',
         'Классический чизкейк на основе крем-чиза с ягодным соусом.',
         4, '', false),
    (15, 'Соус барбекю',
         'Дымный соус барбекю с томатами и специями.',
         5, '', false),
    (16, 'Соус чесночный',
         'Нежный чесночный соус на основе майонеза.',
         5, '', false),
    (17, 'Соус острый',
         'Острый соус на основе перца чили и томатов.',
         5, '', false);

-- Варианты пицц (размеры: маленький=25см, средний=30см, большой=35см)
INSERT INTO restaurant_dishvariant
    (id, dish_id, size_id, size_value, measure_unit_id, weight, calories, price, is_deleted)
VALUES
    -- Маргарита
    (1,  1, 1, 25, 1, 380,  650,  399, false),
    (2,  1, 2, 30, 1, 530,  900,  549, false),
    (3,  1, 3, 35, 1, 720, 1230,  699, false),
    -- Пепперони
    (4,  2, 1, 25, 1, 400,  750,  449, false),
    (5,  2, 2, 30, 1, 560, 1050,  599, false),
    (6,  2, 3, 35, 1, 760, 1440,  749, false),
    -- Четыре сыра
    (7,  3, 1, 25, 1, 390,  820,  499, false),
    (8,  3, 2, 30, 1, 545, 1140,  649, false),
    (9,  3, 3, 35, 1, 740, 1560,  799, false),
    -- Гавайская
    (10, 4, 1, 25, 1, 410,  690,  429, false),
    (11, 4, 2, 30, 1, 575,  960,  579, false),
    (12, 4, 3, 35, 1, 780, 1310,  729, false),
    -- Мясная
    (13, 5, 1, 25, 1, 450,  900,  549, false),
    (14, 5, 2, 30, 1, 630, 1260,  699, false),
    (15, 5, 3, 35, 1, 860, 1720,  899, false),
    -- Карбонара
    (16, 6, 1, 25, 1, 420,  870,  479, false),
    (17, 6, 2, 30, 1, 585, 1210,  629, false),
    (18, 6, 3, 35, 1, 800, 1650,  779, false),
    -- Картофельные дольки (порция в граммах)
    (19, 7, 1, 150, 3, 150,  280,  149, false),
    (20, 7, 2, 300, 3, 300,  560,  249, false),
    -- Куриные крылья
    (21, 8, 1, 200, 3, 200,  420,  249, false),
    (22, 8, 2, 400, 3, 400,  840,  449, false),
    -- Брускетта (штука)
    (23, 9, 1, 1, 4, 90,  180,   99, false),
    (24, 9, 2, 3, 4, 270, 540,  249, false),
    -- Кока-Кола (мл)
    (25, 10, 1, 330, 2, 330, 139,   79, false),
    (26, 10, 2, 500, 2, 500, 211,  109, false),
    (27, 10, 3, 1000, 2, 1000, 422, 179, false),
    -- Сок апельсиновый
    (28, 11, 1, 250, 2, 250, 112,  119, false),
    (29, 11, 2, 500, 2, 500, 224,  199, false),
    -- Вода минеральная
    (30, 12, 1, 500, 2, 500,   0,   59, false),
    (31, 12, 2, 1000, 2, 1000, 0,   99, false),
    -- Тирамису (г)
    (32, 13, 1, 130, 3, 130, 310,  199, false),
    -- Чизкейк (г)
    (33, 14, 1, 120, 3, 120, 340,  219, false),
    -- Соусы (г)
    (34, 15, 1, 50, 3, 50, 85,  49, false),
    (35, 16, 1, 50, 3, 50, 95,  49, false),
    (36, 17, 1, 50, 3, 50, 70,  49, false);


-- -------------------------------------------------------------
-- ПОЛЬЗОВАТЕЛИ
-- password = '!' означает неиспользуемый пароль (вход через Telegram)
-- -------------------------------------------------------------

INSERT INTO administration_user
    (id, phone_number, name, email, is_active, is_staff, is_superuser,
     password, last_login, date_joined)
VALUES
    (1, '+79001234567', 'Иван Петров',    'ivan.petrov@example.com',
     true, false, false, '!', NULL, '2025-01-10 09:00:00+00'),
    (2, '+79007654321', 'Мария Сидорова', 'maria.s@example.com',
     true, false, false, '!', NULL, '2025-01-15 11:30:00+00'),
    (3, '+79003456789', 'Алексей Иванов', 'alexey.iv@example.com',
     true, false, false, '!', NULL, '2025-02-01 14:00:00+00'),
    (4, '+79009876543', 'Ольга Новикова', '',
     true, false, false, '!', NULL, '2025-02-20 16:45:00+00');

-- Адреса доставки пользователей
INSERT INTO administration_deliveryaddress (id, user_id, address, created_at) VALUES
    (1, 1, 'г. Москва, ул. Тверская, д. 15, кв. 42',        '2025-01-10 09:05:00+00'),
    (2, 1, 'г. Москва, ул. Арбат, д. 7, кв. 3',             '2025-01-22 18:30:00+00'),
    (3, 2, 'г. Москва, ул. Ленина, д. 22, кв. 8',            '2025-01-16 12:00:00+00'),
    (4, 3, 'г. Москва, пр-т Мира, д. 44, кв. 101',           '2025-02-02 19:15:00+00'),
    (5, 4, 'г. Москва, ул. Садовая-Кудринская, д. 5, кв. 17','2025-02-21 10:00:00+00');


-- -------------------------------------------------------------
-- КУРЬЕРЫ
-- -------------------------------------------------------------

INSERT INTO orders_courier
    (id, first_name, last_name, patronymic, phone_number, is_deleted)
VALUES
    (1, 'Александр', 'Смирнов',  'Николаевич', '+79110001111', false),
    (2, 'Елена',     'Козлова',  'Сергеевна',  '+79220002222', false),
    (3, 'Дмитрий',   'Новиков',  'Александрович','+79330003333',false),
    (4, 'Сергей',    'Фёдоров',  'Михайлович', '+79440004444', false);


-- -------------------------------------------------------------
-- ЗАКАЗЫ И ЭЛЕМЕНТЫ ЗАКАЗОВ
-- -------------------------------------------------------------

INSERT INTO orders_order
    (id, user_id, address, started_at, finished_at, comment, courier_id, status)
VALUES
    -- Заказ 1: Иван, доставка, завершён
    (1, 1, 'г. Москва, ул. Тверская, д. 15, кв. 42',
     '2025-02-01 12:00:00+00', '2025-02-01 13:05:00+00',
     'Домофон не работает, позвоните заранее', 1, 'delivered'),

    -- Заказ 2: Иван, самовывоз, завершён
    (2, 1, '',
     '2025-02-10 18:30:00+00', '2025-02-10 19:00:00+00',
     '', NULL, 'delivered'),

    -- Заказ 3: Мария, доставка, завершён
    (3, 2, 'г. Москва, ул. Ленина, д. 22, кв. 8',
     '2025-02-15 19:00:00+00', '2025-02-15 19:55:00+00',
     'Побольше салфеток, пожалуйста', 2, 'delivered'),

    -- Заказ 4: Алексей, доставка, готовится
    (4, 3, 'г. Москва, пр-т Мира, д. 44, кв. 101',
     '2025-03-01 20:00:00+00', NULL,
     '', 3, 'preparing'),

    -- Заказ 5: Ольга, доставка, курьер в пути
    (5, 4, 'г. Москва, ул. Садовая-Кудринская, д. 5, кв. 17',
     '2025-03-05 13:00:00+00', NULL,
     'Оставьте у двери', 4, 'courier_on_way'),

    -- Заказ 6: Мария, отменён
    (6, 2, 'г. Москва, ул. Ленина, д. 22, кв. 8',
     '2025-03-06 11:00:00+00', NULL,
     '', NULL, 'cancelled'),

    -- Заказ 7: Иван, в обработке (новый)
    (7, 1, 'г. Москва, ул. Арбат, д. 7, кв. 3',
     '2025-03-09 09:30:00+00', NULL,
     'Без лука в пицце', NULL, 'processing');

INSERT INTO orders_orderitem (id, order_id, dish_variant_id, quantity) VALUES
    -- Заказ 1: Пепперони средняя + Cola 0.5 + Соус барбекю
    (1,  1, 5,  1),
    (2,  1, 26, 2),
    (3,  1, 34, 1),

    -- Заказ 2: Маргарита большая + Четыре сыра средняя + Вода 1л
    (4,  2, 3,  1),
    (5,  2, 8,  1),
    (6,  2, 31, 1),

    -- Заказ 3: Гавайская большая + Куриные крылья 400г + Сок апельсиновый + Тирамису
    (7,  3, 12, 1),
    (8,  3, 22, 1),
    (9,  3, 29, 1),
    (10, 3, 32, 1),

    -- Заказ 4: Мясная большая + Пепперони большая + Cola 1л × 2
    (11, 4, 15, 1),
    (12, 4, 6,  1),
    (13, 4, 27, 2),

    -- Заказ 5: Карбонара средняя + Картофельные дольки 300г + Соус чесночный × 2
    (14, 5, 17, 1),
    (15, 5, 20, 1),
    (16, 5, 35, 2),

    -- Заказ 6: Маргарита средняя (отменён)
    (17, 6, 2,  1),

    -- Заказ 7: Пепперони большая + Четыре сыра большая + Брускетта × 3 + Cola 0.5 × 2
    (18, 7, 6,  1),
    (19, 7, 9,  1),
    (20, 7, 23, 3),
    (21, 7, 26, 2);


-- -------------------------------------------------------------
-- Сброс последовательностей (SEQUENCE) после ручного INSERT
-- -------------------------------------------------------------

SELECT setval('restaurant_category_id_seq',    (SELECT MAX(id) FROM restaurant_category));
SELECT setval('restaurant_size_id_seq',         (SELECT MAX(id) FROM restaurant_size));
SELECT setval('restaurant_measureunit_id_seq',  (SELECT MAX(id) FROM restaurant_measureunit));
SELECT setval('restaurant_dish_id_seq',         (SELECT MAX(id) FROM restaurant_dish));
SELECT setval('restaurant_dishvariant_id_seq',  (SELECT MAX(id) FROM restaurant_dishvariant));

SELECT setval('administration_user_id_seq',            (SELECT MAX(id) FROM administration_user));
SELECT setval('administration_deliveryaddress_id_seq',  (SELECT MAX(id) FROM administration_deliveryaddress));

SELECT setval('orders_courier_id_seq',    (SELECT MAX(id) FROM orders_courier));
SELECT setval('orders_order_id_seq',      (SELECT MAX(id) FROM orders_order));
SELECT setval('orders_orderitem_id_seq',  (SELECT MAX(id) FROM orders_orderitem));
